{"hist_data": [7101, 7849, 6534, 7493, 7783, 6599, 7884, 7793, 6443, 7798, 7706, 6405, 7795, 7631, 6521, 7688, 7829, 6611, 7792, 7682, 6700, 7603, 7746, 6535, 7808, 7698, 6674, 7812, 7817, 7302], "bin_edges": [0.5, 0.5666666666666667, 0.6333333333333333, 0.7, 0.7666666666666666, 0.8333333333333333, 0.9, 0.9666666666666667, 1.0333333333333332, 1.1, 1.1666666666666665, 1.2333333333333334, 1.3, 1.3666666666666667, 1.4333333333333333, 1.5, 1.5666666666666667, 1.6333333333333333, 1.7, 1.7666666666666666, 1.8333333333333333, 1.9, 1.9666666666666666, 2.033333333333333, 2.1, 2.166666666666667, 2.2333333333333334, 2.3, 2.3666666666666667, 2.4333333333333336, 2.5]}